-- MySQL Administrator dump 1.4
--
-- ------------------------------------------------------
-- Server version	5.0.45-community-nt


/*!40101 SET @OLD_CHARACTER_SET_CLIENT=@@CHARACTER_SET_CLIENT */;
/*!40101 SET @OLD_CHARACTER_SET_RESULTS=@@CHARACTER_SET_RESULTS */;
/*!40101 SET @OLD_COLLATION_CONNECTION=@@COLLATION_CONNECTION */;
/*!40101 SET NAMES utf8 */;

/*!40014 SET @OLD_UNIQUE_CHECKS=@@UNIQUE_CHECKS, UNIQUE_CHECKS=0 */;
/*!40014 SET @OLD_FOREIGN_KEY_CHECKS=@@FOREIGN_KEY_CHECKS, FOREIGN_KEY_CHECKS=0 */;
/*!40101 SET @OLD_SQL_MODE=@@SQL_MODE, SQL_MODE='NO_AUTO_VALUE_ON_ZERO' */;


--
-- Create schema hope
--

CREATE DATABASE IF NOT EXISTS hope;
USE hope;

--
-- Definition of table `billing`
--

DROP TABLE IF EXISTS `billing`;
CREATE TABLE `billing` (
  `billid` varchar(12) NOT NULL,
  `userid` varchar(45) NOT NULL,
  `custid` varchar(45) NOT NULL,
  `billdate` datetime NOT NULL,
  `flag` char(1) NOT NULL,
  PRIMARY KEY  USING BTREE (`billid`)
) ENGINE=InnoDB DEFAULT CHARSET=latin1;

--
-- Dumping data for table `billing`
--

/*!40000 ALTER TABLE `billing` DISABLE KEYS */;
INSERT INTO `billing` (`billid`,`userid`,`custid`,`billdate`,`flag`) VALUES 
 ('2013-03-0001','001-002','','2013-03-03 08:37:11','0'),
 ('2013-03-0002','001-002','','2013-03-03 10:48:04','0'),
 ('2013-03-0003','001-002','','2013-03-03 10:53:10','0');
/*!40000 ALTER TABLE `billing` ENABLE KEYS */;


--
-- Definition of table `cust`
--

DROP TABLE IF EXISTS `cust`;
CREATE TABLE `cust` (
  `CustomerID` varchar(12) NOT NULL,
  `CompanyName` varchar(80) NOT NULL,
  `ContactNumber` varchar(15) NOT NULL,
  `Address` varchar(80) NOT NULL,
  `Year` varchar(4) NOT NULL,
  PRIMARY KEY  USING BTREE (`CustomerID`)
) ENGINE=InnoDB DEFAULT CHARSET=latin1;

--
-- Dumping data for table `cust`
--

/*!40000 ALTER TABLE `cust` DISABLE KEYS */;
INSERT INTO `cust` (`CustomerID`,`CompanyName`,`ContactNumber`,`Address`,`Year`) VALUES 
 ('',' Walk - In','','',''),
 ('2012-0001','Phoenix','099883737373','Ipilan','2012'),
 ('2012-0002','Lasala','09268837738','Maasin','2012'),
 ('2012-0003','Melendres Enterprises','09182722450','Balacan, Brooke\'s Point Palawan','2012');
/*!40000 ALTER TABLE `cust` ENABLE KEYS */;


--
-- Definition of table `loghistory`
--

DROP TABLE IF EXISTS `loghistory`;
CREATE TABLE `loghistory` (
  `LogId` int(10) unsigned NOT NULL auto_increment,
  `UserId` varchar(15) NOT NULL,
  `LOgIn` datetime NOT NULL,
  `LogOut` datetime default NULL,
  PRIMARY KEY  (`LogId`)
) ENGINE=InnoDB AUTO_INCREMENT=296 DEFAULT CHARSET=latin1;

--
-- Dumping data for table `loghistory`
--

/*!40000 ALTER TABLE `loghistory` DISABLE KEYS */;
INSERT INTO `loghistory` (`LogId`,`UserId`,`LOgIn`,`LogOut`) VALUES 
 (6,'001-002','2012-12-23 09:15:29',NULL),
 (7,'001-002','2012-12-23 09:15:52','2012-12-23 09:34:09'),
 (8,'001-002','2012-12-23 10:36:40',NULL),
 (9,'001-002','2012-12-23 10:38:32',NULL),
 (10,'001-002','2012-12-23 10:41:15',NULL),
 (11,'001-002','2012-12-23 10:42:45',NULL),
 (12,'001-002','2012-12-23 10:44:24',NULL),
 (13,'001-002','2012-12-23 10:45:41',NULL),
 (14,'001-002','2012-12-23 10:47:51',NULL),
 (15,'001-002','2012-12-23 10:48:58','2012-12-23 13:00:08'),
 (16,'001-002','2012-12-25 13:22:41',NULL),
 (17,'001-002','2012-12-25 13:27:50',NULL),
 (18,'001-002','2012-12-25 13:29:16',NULL),
 (19,'001-002','2012-12-25 13:44:14',NULL),
 (20,'001-002','2012-12-25 13:45:23',NULL),
 (21,'001-002','2012-12-25 13:45:44',NULL),
 (22,'001-002','2012-12-25 13:57:59','2012-12-25 14:11:33'),
 (23,'001-002','2012-12-25 15:36:10',NULL),
 (24,'001-002','2012-12-25 15:43:42',NULL),
 (25,'001-002','2012-12-25 15:44:40',NULL),
 (26,'001-002','2012-12-25 15:47:05',NULL),
 (27,'001-002','2012-12-25 15:48:51',NULL);
INSERT INTO `loghistory` (`LogId`,`UserId`,`LOgIn`,`LogOut`) VALUES 
 (28,'001-002','2012-12-25 15:50:58',NULL),
 (29,'001-002','2012-12-25 15:51:46',NULL),
 (30,'001-002','2012-12-25 15:52:36',NULL),
 (31,'001-002','2012-12-25 15:53:24',NULL),
 (32,'001-002','2012-12-25 15:54:07',NULL),
 (33,'001-002','2012-12-25 15:59:54',NULL),
 (34,'001-002','2012-12-25 16:06:38',NULL),
 (35,'001-002','2012-12-25 16:20:51',NULL),
 (36,'001-002','2013-01-24 16:03:30',NULL),
 (37,'001-002','2013-01-24 16:03:47',NULL),
 (38,'001-002','2013-01-24 16:04:31',NULL),
 (39,'001-002','2013-01-24 16:04:59',NULL),
 (40,'001-002','2013-01-24 16:05:51',NULL),
 (41,'001-002','2013-01-24 16:06:07',NULL),
 (42,'001-002','2013-01-24 16:06:29','2013-01-24 16:06:47'),
 (43,'001-002','2013-01-29 19:15:13',NULL),
 (44,'001-002','2013-01-29 19:16:46',NULL),
 (45,'001-002','2013-01-29 19:17:12',NULL),
 (46,'001-002','2013-01-29 19:18:01',NULL),
 (47,'001-002','2013-01-29 19:18:23',NULL),
 (48,'001-002','2013-01-29 19:19:06',NULL),
 (49,'001-002','2013-01-29 19:20:33',NULL);
INSERT INTO `loghistory` (`LogId`,`UserId`,`LOgIn`,`LogOut`) VALUES 
 (50,'001-002','2013-01-29 19:20:55',NULL),
 (51,'001-002','2013-01-29 19:41:54',NULL),
 (52,'001-002','2013-01-29 20:08:01',NULL),
 (53,'001-002','2013-01-29 20:12:56',NULL),
 (54,'001-002','2013-02-01 17:01:40','2013-02-01 17:14:38'),
 (55,'001-002','2013-02-01 17:30:54','2013-02-01 17:32:31'),
 (56,'001-002','2013-02-01 17:46:26',NULL),
 (57,'001-002','2013-02-01 17:47:31',NULL),
 (58,'001-002','2013-02-01 17:48:34',NULL),
 (59,'001-002','2013-02-01 17:49:40','2013-02-01 17:51:11'),
 (60,'001-002','2013-02-01 18:05:23',NULL),
 (61,'001-002','2013-02-01 18:07:24',NULL),
 (62,'001-002','2013-02-01 18:14:26',NULL),
 (63,'001-002','2013-02-01 18:14:52',NULL),
 (64,'001-002','2013-02-01 18:15:29',NULL),
 (65,'001-002','2013-02-01 18:20:48',NULL),
 (66,'001-002','2013-02-01 18:33:28',NULL),
 (67,'001-002','2013-02-01 18:38:24',NULL),
 (68,'001-002','2013-02-01 18:40:49',NULL),
 (69,'001-002','2013-02-01 18:42:54',NULL),
 (70,'001-002','2013-02-01 18:47:29',NULL);
INSERT INTO `loghistory` (`LogId`,`UserId`,`LOgIn`,`LogOut`) VALUES 
 (71,'001-002','2013-02-01 18:49:23',NULL),
 (72,'001-002','2013-02-01 18:54:34',NULL),
 (73,'001-002','2013-02-02 04:47:43',NULL),
 (74,'001-002','2013-02-02 04:50:45',NULL),
 (75,'001-002','2013-02-02 04:51:28',NULL),
 (76,'001-002','2013-02-02 05:00:55',NULL),
 (77,'001-002','2013-02-02 05:02:22',NULL),
 (78,'001-002','2013-02-02 05:03:30','2013-02-02 05:10:58'),
 (79,'001-002','2013-02-02 05:15:49','2013-02-02 05:21:07'),
 (80,'001-002','2013-02-13 20:37:32','2013-02-13 20:38:43'),
 (81,'001-002','2013-02-13 20:55:47',NULL),
 (82,'001-002','2013-02-13 21:06:17',NULL),
 (83,'001-002','2013-02-13 21:12:41',NULL),
 (84,'001-002','2013-02-13 21:13:06',NULL),
 (85,'001-002','2013-02-13 21:22:39',NULL),
 (86,'001-002','2013-02-13 21:26:33','2013-02-13 21:26:45'),
 (87,'001-002','2013-02-13 21:30:17',NULL),
 (88,'001-002','2013-02-13 21:35:25','2013-02-13 21:35:28'),
 (89,'001-002','2013-02-13 21:44:23',NULL),
 (90,'001-002','2013-02-13 21:56:56',NULL),
 (91,'001-002','2013-02-13 21:58:39',NULL);
INSERT INTO `loghistory` (`LogId`,`UserId`,`LOgIn`,`LogOut`) VALUES 
 (92,'001-002','2013-02-13 22:06:10',NULL),
 (93,'001-002','2013-02-13 22:06:34',NULL),
 (94,'001-002','2013-02-13 22:07:15',NULL),
 (95,'001-002','2013-02-13 22:07:44',NULL),
 (96,'001-002','2013-02-13 22:22:13',NULL),
 (97,'001-002','2013-02-13 22:24:07',NULL),
 (98,'001-002','2013-02-13 22:26:46','2013-02-13 22:26:49'),
 (99,'001-002','2013-02-13 22:27:04',NULL),
 (100,'001-002','2013-02-13 22:29:08',NULL),
 (101,'001-002','2013-02-13 22:30:42',NULL),
 (102,'001-002','2013-02-13 22:36:29',NULL),
 (103,'001-002','2013-02-13 22:37:23',NULL),
 (104,'001-002','2013-02-13 22:41:28',NULL),
 (105,'001-002','2013-02-13 23:05:27',NULL),
 (106,'001-002','2013-02-13 23:13:25',NULL),
 (107,'001-002','2013-02-13 23:22:21',NULL),
 (108,'001-002','2013-02-13 23:25:43',NULL),
 (109,'001-002','2013-02-13 23:32:06',NULL),
 (110,'001-002','2013-02-13 23:36:46',NULL),
 (111,'001-002','2013-02-13 23:40:39',NULL),
 (112,'001-002','2013-02-13 23:46:20',NULL),
 (113,'001-002','2013-02-13 23:52:14',NULL);
INSERT INTO `loghistory` (`LogId`,`UserId`,`LOgIn`,`LogOut`) VALUES 
 (114,'001-002','2013-02-14 00:30:29',NULL),
 (115,'001-002','2013-02-14 00:42:14',NULL),
 (116,'001-002','2013-02-14 00:43:56',NULL),
 (117,'001-002','2013-02-14 01:04:59',NULL),
 (118,'001-002','2013-02-14 01:05:14',NULL),
 (119,'001-002','2013-02-14 01:07:23',NULL),
 (120,'001-002','2013-02-14 01:10:00','2013-02-14 01:10:30'),
 (121,'001-002','2013-02-14 01:12:16',NULL),
 (122,'001-002','2013-02-14 01:16:44',NULL),
 (123,'001-002','2013-02-14 01:21:48',NULL),
 (124,'001-002','2013-02-14 01:24:53',NULL),
 (125,'001-002','2013-02-14 01:27:26',NULL),
 (126,'001-002','2013-02-14 01:41:28',NULL),
 (127,'001-002','2013-02-14 02:26:42',NULL),
 (128,'001-002','2013-02-14 02:32:20',NULL),
 (129,'001-002','2013-02-14 02:44:47',NULL),
 (130,'001-002','2013-02-14 02:46:00','2013-02-14 02:51:57'),
 (131,'001-002','2013-02-14 02:58:53',NULL),
 (132,'001-002','2013-02-14 03:05:14',NULL),
 (133,'001-002','2013-02-14 03:10:57',NULL),
 (134,'001-002','2013-02-14 03:11:46',NULL);
INSERT INTO `loghistory` (`LogId`,`UserId`,`LOgIn`,`LogOut`) VALUES 
 (135,'001-002','2013-02-14 03:30:08',NULL),
 (136,'001-002','2013-02-14 03:31:37',NULL),
 (137,'001-002','2013-02-14 03:32:47',NULL),
 (138,'001-002','2013-02-14 03:37:09',NULL),
 (139,'001-002','2013-02-14 03:38:25',NULL),
 (140,'001-002','2013-02-14 03:50:01',NULL),
 (141,'001-002','2013-02-14 03:50:57',NULL),
 (142,'001-002','2013-02-14 03:52:03',NULL),
 (143,'001-002','2013-02-14 03:52:51',NULL),
 (144,'001-002','2013-02-14 03:53:29',NULL),
 (145,'001-002','2013-02-14 03:54:03',NULL),
 (146,'001-002','2013-02-14 03:56:25',NULL),
 (147,'001-002','2013-02-14 04:04:46','2013-02-14 04:05:29'),
 (148,'001-002','2013-02-22 21:59:44',NULL),
 (149,'001-002','2013-02-22 22:02:34',NULL),
 (150,'001-002','2013-02-22 22:05:53',NULL),
 (151,'001-002','2013-02-22 22:06:32',NULL),
 (152,'001-002','2013-02-22 22:07:16',NULL),
 (153,'001-002','2013-02-22 22:12:55','2013-02-22 22:20:16'),
 (154,'001-002','2013-02-22 23:45:41',NULL),
 (155,'001-002','2013-02-23 05:00:02',NULL);
INSERT INTO `loghistory` (`LogId`,`UserId`,`LOgIn`,`LogOut`) VALUES 
 (156,'001-002','2013-02-23 05:02:39',NULL),
 (157,'001-002','2013-02-23 05:04:01',NULL),
 (158,'001-002','2013-02-23 05:04:18',NULL),
 (159,'001-002','2013-02-23 05:12:38',NULL),
 (160,'001-002','2013-02-23 05:16:29',NULL),
 (161,'001-002','2013-02-23 15:41:15','2013-02-23 15:41:20'),
 (162,'001-002','2013-02-23 15:41:23',NULL),
 (163,'001-002','2013-02-23 15:42:10',NULL),
 (164,'001-002','2013-02-23 15:43:40','2013-02-23 15:47:11'),
 (165,'001-002','2013-02-23 15:51:11',NULL),
 (166,'001-002','2013-02-23 15:54:55','2013-02-23 15:54:59'),
 (167,'001-002','2013-02-23 15:55:03',NULL),
 (168,'001-002','2013-02-23 15:58:36',NULL),
 (169,'001-002','2013-02-23 15:59:22',NULL),
 (170,'001-002','2013-02-23 16:00:17',NULL),
 (171,'001-002','2013-02-23 16:00:36',NULL),
 (172,'001-002','2013-02-23 16:02:16','2013-02-23 16:07:55'),
 (173,'001-002','2013-02-23 16:08:25',NULL),
 (174,'001-002','2013-02-24 13:33:33',NULL),
 (175,'001-002','2013-02-24 13:45:43',NULL),
 (176,'001-002','2013-02-24 13:47:27',NULL);
INSERT INTO `loghistory` (`LogId`,`UserId`,`LOgIn`,`LogOut`) VALUES 
 (177,'001-002','2013-02-24 13:55:19',NULL),
 (178,'001-002','2013-02-24 14:01:17',NULL),
 (179,'001-002','2013-02-24 14:04:14',NULL),
 (180,'001-002','2013-02-24 14:10:46',NULL),
 (181,'001-002','2013-02-24 14:21:44',NULL),
 (182,'001-002','2013-02-24 14:37:43',NULL),
 (183,'001-002','2013-02-24 14:39:17',NULL),
 (184,'001-002','2013-02-24 14:39:57',NULL),
 (185,'001-002','2013-02-24 14:43:06',NULL),
 (186,'001-002','2013-02-24 14:45:43',NULL),
 (187,'001-002','2013-02-24 14:48:23',NULL),
 (188,'001-002','2013-02-24 14:50:40',NULL),
 (189,'001-002','2013-02-24 14:52:46',NULL),
 (190,'001-002','2013-02-25 07:34:59',NULL),
 (191,'001-002','2013-02-25 07:40:53',NULL),
 (192,'001-002','2013-02-25 07:45:15',NULL),
 (193,'001-002','2013-02-25 07:49:47',NULL),
 (194,'001-002','2013-02-25 07:50:00','2013-02-25 08:08:25'),
 (195,'001-002','2013-02-25 08:51:34',NULL),
 (196,'001-002','2013-02-25 09:40:45',NULL),
 (197,'001-002','2013-02-25 09:43:33',NULL),
 (198,'001-002','2013-02-25 09:45:23',NULL);
INSERT INTO `loghistory` (`LogId`,`UserId`,`LOgIn`,`LogOut`) VALUES 
 (199,'001-002','2013-02-25 09:49:44',NULL),
 (200,'001-002','2013-02-25 09:51:21',NULL),
 (201,'001-002','2013-02-25 09:54:20','2013-02-25 10:24:05'),
 (202,'001-002','2013-02-25 10:28:03','2013-02-25 10:30:18'),
 (203,'001-002','2013-02-25 10:31:48','2013-02-25 10:33:05'),
 (204,'001-002','2013-02-25 10:34:14','2013-02-25 10:35:24'),
 (205,'001-002','2013-02-25 10:37:33',NULL),
 (206,'001-002','2013-02-25 10:40:46',NULL),
 (207,'001-002','2013-02-25 10:47:57',NULL),
 (208,'001-002','2013-02-25 10:49:12','2013-02-25 10:55:13'),
 (209,'001-002','2013-02-25 10:55:29','2013-02-25 10:55:42'),
 (210,'001-003','2013-02-25 10:56:53','2013-02-25 11:26:19'),
 (211,'001-003','2013-02-25 11:30:22',NULL),
 (212,'001-003','2013-02-25 11:44:39','2013-02-25 11:45:06'),
 (213,'001-003','2013-02-25 11:46:51',NULL),
 (214,'001-002','2013-02-25 11:50:33',NULL),
 (215,'001-002','2013-02-25 12:05:14','2013-02-25 12:06:06'),
 (216,'001-002','2013-02-25 12:09:43',NULL),
 (217,'001-002','2013-02-25 12:15:12','2013-02-25 12:34:17');
INSERT INTO `loghistory` (`LogId`,`UserId`,`LOgIn`,`LogOut`) VALUES 
 (218,'001-002','2013-02-25 12:53:28','2013-02-25 12:54:14'),
 (219,'001-002','2013-02-25 12:54:18','2013-02-25 12:54:27'),
 (220,'001-002','2013-02-25 12:56:06','2013-02-25 13:22:30'),
 (221,'001-002','2013-02-25 14:22:56',NULL),
 (222,'001-002','2013-02-25 14:47:08',NULL),
 (223,'001-002','2013-02-25 20:35:33',NULL),
 (224,'001-002','2013-02-26 18:26:43','2013-02-26 18:40:47'),
 (225,'001-002','2013-03-01 19:09:14',NULL),
 (226,'001-002','2013-03-01 19:19:22',NULL),
 (227,'001-002','2013-03-01 19:22:37',NULL),
 (228,'001-002','2013-03-01 19:46:57',NULL),
 (229,'001-002','2013-03-01 19:51:52','2013-03-01 19:53:12'),
 (230,'001-002','2013-03-01 20:01:00',NULL),
 (231,'001-002','2013-03-01 20:07:33',NULL),
 (232,'001-002','2013-03-01 20:10:19','2013-03-01 22:49:26'),
 (233,'001-002','2013-03-01 22:52:49','2013-03-01 22:54:39'),
 (234,'001-002','2013-03-01 23:06:34',NULL),
 (235,'001-002','2013-03-01 23:35:24',NULL),
 (236,'001-002','2013-03-02 00:07:53','2013-03-02 00:30:53'),
 (237,'001-002','2013-03-02 00:32:02','2013-03-02 02:48:53');
INSERT INTO `loghistory` (`LogId`,`UserId`,`LOgIn`,`LogOut`) VALUES 
 (238,'001-002','2013-03-02 17:24:45','2013-03-02 17:29:32'),
 (239,'001-002','2013-03-02 17:31:53','2013-03-02 17:45:15'),
 (240,'001-002','2013-03-02 20:30:49',NULL),
 (241,'001-002','2013-03-02 20:50:02','2013-03-02 21:48:31'),
 (242,'001-002','2013-03-02 21:48:59','2013-03-02 21:51:29'),
 (243,'001-002','2013-03-02 21:57:48','2013-03-02 22:02:03'),
 (244,'001-002','2013-03-02 22:23:45',NULL),
 (245,'001-002','2013-03-02 22:27:46',NULL),
 (246,'001-002','2013-03-02 22:28:35',NULL),
 (247,'001-002','2013-03-02 22:31:01',NULL),
 (248,'001-002','2013-03-02 22:32:49',NULL),
 (249,'001-002','2013-03-02 22:37:32',NULL),
 (250,'001-002','2013-03-02 22:40:10',NULL),
 (251,'001-002','2013-03-02 22:44:42',NULL),
 (252,'001-002','2013-03-02 22:45:28',NULL),
 (253,'001-002','2013-03-02 22:49:02',NULL),
 (254,'001-002','2013-03-02 22:51:52',NULL),
 (255,'001-002','2013-03-02 22:54:13',NULL),
 (256,'001-002','2013-03-02 22:55:34',NULL),
 (257,'001-002','2013-03-02 22:57:50',NULL);
INSERT INTO `loghistory` (`LogId`,`UserId`,`LOgIn`,`LogOut`) VALUES 
 (258,'001-002','2013-03-02 23:02:09',NULL),
 (259,'001-002','2013-03-02 23:04:40',NULL),
 (260,'001-002','2013-03-02 23:10:20',NULL),
 (261,'001-002','2013-03-02 23:13:22',NULL),
 (262,'001-002','2013-03-02 23:21:33',NULL),
 (263,'001-002','2013-03-02 23:27:05','2013-03-02 23:28:09'),
 (264,'001-002','2013-03-02 23:30:11','2013-03-02 23:30:33'),
 (265,'001-002','2013-03-02 23:32:29',NULL),
 (266,'001-002','2013-03-02 23:36:07','2013-03-02 23:46:08'),
 (267,'001-002','2013-03-02 23:52:44',NULL),
 (268,'001-002','2013-03-02 23:54:32',NULL),
 (269,'001-002','2013-03-03 05:47:37',NULL),
 (270,'001-002','2013-03-03 05:50:46','2013-03-03 05:53:56'),
 (271,'001-002','2013-03-03 05:55:05',NULL),
 (272,'001-002','2013-03-03 06:10:37',NULL),
 (273,'001-002','2013-03-03 06:23:03',NULL),
 (274,'001-002','2013-03-03 06:36:21',NULL),
 (275,'001-002','2013-03-03 06:38:55',NULL),
 (276,'001-002','2013-03-03 06:40:24',NULL),
 (277,'001-002','2013-03-03 06:41:31',NULL),
 (278,'001-002','2013-03-03 06:47:08',NULL);
INSERT INTO `loghistory` (`LogId`,`UserId`,`LOgIn`,`LogOut`) VALUES 
 (279,'001-002','2013-03-03 06:48:23',NULL),
 (280,'001-002','2013-03-03 06:50:31',NULL),
 (281,'001-002','2013-03-03 06:53:16',NULL),
 (282,'001-002','2013-03-03 06:56:06','2013-03-03 07:25:36'),
 (283,'001-002','2013-03-03 07:26:39','2013-03-03 07:32:37'),
 (284,'001-002','2013-03-03 07:32:56',NULL),
 (285,'001-002','2013-03-03 07:50:33','2013-03-03 07:58:02'),
 (286,'001-002','2013-03-03 07:59:56','2013-03-03 08:00:03'),
 (287,'001-002','2013-03-03 08:00:43',NULL),
 (288,'001-002','2013-03-03 08:17:42','2013-03-03 08:47:06'),
 (289,'001-002','2013-03-03 08:49:43','2013-03-03 08:53:18'),
 (290,'001-002','2013-03-03 08:53:38','2013-03-03 08:59:15'),
 (291,'001-002','2013-03-03 09:05:08',NULL),
 (292,'001-002','2013-03-03 09:17:29','2013-03-03 09:18:23'),
 (293,'001-002','2013-03-03 10:46:55',NULL),
 (294,'001-002','2013-03-03 10:52:29','2013-03-03 10:54:29'),
 (295,'001-002','2013-03-03 11:03:46','2013-03-03 11:05:11');
/*!40000 ALTER TABLE `loghistory` ENABLE KEYS */;


--
-- Definition of table `payment`
--

DROP TABLE IF EXISTS `payment`;
CREATE TABLE `payment` (
  `payid` varchar(13) NOT NULL,
  `amount` double NOT NULL,
  `cash` double NOT NULL,
  `billid` varchar(12) NOT NULL,
  `paydate` datetime NOT NULL,
  `vat` double NOT NULL,
  `vatable` double NOT NULL,
  PRIMARY KEY  (`payid`)
) ENGINE=InnoDB DEFAULT CHARSET=latin1;

--
-- Dumping data for table `payment`
--

/*!40000 ALTER TABLE `payment` DISABLE KEYS */;
INSERT INTO `payment` (`payid`,`amount`,`cash`,`billid`,`paydate`,`vat`,`vatable`) VALUES 
 ('2013-03-00001',285,285,'2013-03-0001','2013-03-03 08:37:12',30.54,254.46),
 ('2013-03-00002',-40,-40,'2013-03-0001','2013-03-03 08:41:19',-4.29,-35.71),
 ('2013-03-00003',490,490,'2013-03-0001','2013-03-03 08:46:08',52.5,437.5),
 ('2013-03-00004',140,140,'2013-03-0002','2013-03-03 10:48:04',15,125),
 ('2013-03-00005',-50,-50,'2013-03-0002','2013-03-03 10:49:35',-5.36,-44.64),
 ('2013-03-00006',32,32,'2013-03-0003','2013-03-03 10:53:10',3.43,28.57),
 ('2013-03-00007',-12,-12,'2013-03-0003','2013-03-03 10:53:53',-1.29,-10.71);
/*!40000 ALTER TABLE `payment` ENABLE KEYS */;


--
-- Definition of table `product`
--

DROP TABLE IF EXISTS `product`;
CREATE TABLE `product` (
  `prodcode` varchar(15) NOT NULL,
  `name` varchar(80) NOT NULL,
  `unit` varchar(5) NOT NULL,
  `qty` double NOT NULL,
  `price` double NOT NULL,
  `crititem` double NOT NULL,
  `sprice` double NOT NULL,
  `category` varchar(20) NOT NULL,
  `dreceive` date NOT NULL,
  `bqty` double NOT NULL,
  `gqty` double NOT NULL,
  PRIMARY KEY  USING BTREE (`prodcode`,`dreceive`)
) ENGINE=InnoDB DEFAULT CHARSET=latin1;

--
-- Dumping data for table `product`
--

/*!40000 ALTER TABLE `product` DISABLE KEYS */;
INSERT INTO `product` (`prodcode`,`name`,`unit`,`qty`,`price`,`crititem`,`sprice`,`category`,`dreceive`,`bqty`,`gqty`) VALUES 
 ('ACB','Aligator Clip-Black','Pcs',45,12,50,15,'Clip','2013-02-14',0,45),
 ('ACB','Aligator Clip-Black','Pcs',100,20,50,25,'Clip','2013-03-03',0,100),
 ('ACR','Aligator Clip-Red','Pcs',99,10,100,12,'Clip','2013-02-14',0,99),
 ('AHA12','Alternator Hose Assy12','Pcs',33,15,50,20,'Hose','2013-03-01',0,33),
 ('AHA8','Alternator Hose Assy8','Pcs',98,20,50,25,'Hose','2013-03-01',0,98),
 ('ARH1/2','Aquaflex Reinforced Hose 1/2','Mtr',98,12,50,20,'Hose','2013-03-01',0,98),
 ('AWC10','Adjustable Wrench Cannon','Pcs',0,12,100,17,'Wrench','2013-01-01',0,0),
 ('AWC10','Adjustable Wrench Cannon','Pcs',10,12,100,17,'Wrench','2013-02-14',0,10),
 ('BH 6V','Bulb Headlight 6V','Pcs',496,20,50,25,'Bulb','2013-03-02',0,496),
 ('BHC 1/2','Brass Hose Coupling','Pcs',100,240,50,390,'Hose','2013-03-02',0,100),
 ('BP1/2','Blue Pipe 1/2','Pcs',7,6,20,8,'Pipe','2013-02-26',0,7),
 ('BPS1 1/4','Blue Pipe Sundex1 1/4','Pcs',100,300,50,350,'Pipe','2013-03-01',0,100),
 ('BS 12V','Bulb Stoplight 12V','Pcs',399,15,50,25,'Bulb','2013-03-02',0,399);
INSERT INTO `product` (`prodcode`,`name`,`unit`,`qty`,`price`,`crititem`,`sprice`,`category`,`dreceive`,`bqty`,`gqty`) VALUES 
 ('CEEG','Cord Epoxy Enamel Gray','Ltr',19,45,10,50,'Epoxy','2013-02-26',0,19),
 ('CES 15G','Cord Epoxy Steel 3-5 min 15g','Pairs',49,45,20,50,'Epoxy','2013-02-26',0,49),
 ('R140','Rim 140x16-PM','Pcs',499,400,50,450,'Rim','2012-09-14',0,499),
 ('R140','Rim 140x160x17-Araya','Pcs',300,350,50,450,'Rim','2013-03-01',0,300),
 ('R140','Rim 140x17-PM','Pairs',100,350,50,400,'Rim','2013-03-02',0,1100),
 ('R160','Rim 160x18-PM','Pcs',500,250,50,345,'Rim','2013-03-01',0,500),
 ('R225','Rim 225x17-Union','Pcs',300,250,50,360,'Rim','2013-03-01',0,300),
 ('RN 2 1/2','Roofing Nail 2 1/2','Kgs',349.5,300,50,500,'Roofing','2013-03-02',0,349.5),
 ('RPH','Royal Plastic Hose 1/4','Mtr',750,35,100,50,'Hose','2013-03-02',0,750),
 ('SBP ','Spring Brake Pedal GP125/100','Pcs',190,340,50,460,'Spring','2013-03-01',0,190),
 ('SBPC','Spring Brake Pedal CG125/TMS','Pcs',640,375,50,450,'Spring','2013-03-02',0,640),
 ('VVSC-1LITER','Valspar Varnish Solid Clear-Liter','Cans',100,75,50,100,'Varnish','2013-03-02',0,100);
INSERT INTO `product` (`prodcode`,`name`,`unit`,`qty`,`price`,`crititem`,`sprice`,`category`,`dreceive`,`bqty`,`gqty`) VALUES 
 ('VVSC-4LITER','Valspar Varnish Solid Clear-4Liter','Gals',200,240,50,350,'Varnish','2013-03-02',0,200);
/*!40000 ALTER TABLE `product` ENABLE KEYS */;


--
-- Definition of table `retprod`
--

DROP TABLE IF EXISTS `retprod`;
CREATE TABLE `retprod` (
  `retprodid` int(10) unsigned NOT NULL auto_increment,
  `prodcode` varchar(20) NOT NULL,
  `userid` varchar(14) NOT NULL,
  `qty` double NOT NULL,
  `retdate` date NOT NULL,
  PRIMARY KEY  (`retprodid`)
) ENGINE=InnoDB AUTO_INCREMENT=8 DEFAULT CHARSET=latin1;

--
-- Dumping data for table `retprod`
--

/*!40000 ALTER TABLE `retprod` DISABLE KEYS */;
INSERT INTO `retprod` (`retprodid`,`prodcode`,`userid`,`qty`,`retdate`) VALUES 
 (4,'CES 15G','001-002',1,'2013-03-01'),
 (5,'ACR','001-002',5,'2013-03-01'),
 (6,'ACB','001-002',1,'2013-03-01'),
 (7,'ACB','001-002',5,'2013-03-03');
/*!40000 ALTER TABLE `retprod` ENABLE KEYS */;


--
-- Definition of table `sub`
--

DROP TABLE IF EXISTS `sub`;
CREATE TABLE `sub` (
  `subid` varchar(13) NOT NULL,
  `billid` varchar(12) NOT NULL,
  `prodcode` varchar(12) NOT NULL,
  `price` double NOT NULL,
  `qty` double NOT NULL,
  `amount` double NOT NULL,
  `subdate` datetime NOT NULL,
  `sprice` double NOT NULL,
  `samount` double NOT NULL,
  `flag` char(1) NOT NULL,
  PRIMARY KEY  USING BTREE (`subid`)
) ENGINE=InnoDB DEFAULT CHARSET=latin1;

--
-- Dumping data for table `sub`
--

/*!40000 ALTER TABLE `sub` DISABLE KEYS */;
INSERT INTO `sub` (`subid`,`billid`,`prodcode`,`price`,`qty`,`amount`,`subdate`,`sprice`,`samount`,`flag`) VALUES 
 ('2013-03-00001','2013-03-0001','ARH1/2',12,10,120,'2013-03-03 08:37:12',20,200,'1'),
 ('2013-03-00002','2013-03-0001','AWC10',12,5,60,'2013-03-03 08:37:12',17,85,'1'),
 ('2013-03-00003','2013-03-0001','ARH1/2',12,5,60,'2013-03-03 08:41:19',20,100,'1'),
 ('2013-03-00004','2013-03-0001','AWC10',12,5,60,'2013-03-03 08:41:19',17,85,'1'),
 ('2013-03-00005','2013-03-0001','ACR',10,5,50,'2013-03-03 08:41:19',12,60,'1'),
 ('2013-03-00006','2013-03-0001','AHA12',15,2,30,'2013-03-03 08:46:08',20,40,'0'),
 ('2013-03-00007','2013-03-0001','R140',400,1,400,'2013-03-03 08:46:08',450,450,'0'),
 ('2013-03-00008','2013-03-0002','AHA8',20,4,80,'2013-03-03 10:48:04',25,100,'1'),
 ('2013-03-00009','2013-03-0002','ARH1/2',12,2,24,'2013-03-03 10:48:04',20,40,'1'),
 ('2013-03-00010','2013-03-0002','AHA8',20,2,40,'2013-03-03 10:49:35',25,50,'0'),
 ('2013-03-00011','2013-03-0002','ARH1/2',12,2,24,'2013-03-03 10:49:35',20,40,'0'),
 ('2013-03-00012','2013-03-0003','ACR',10,2,20,'2013-03-03 10:53:10',12,24,'1');
INSERT INTO `sub` (`subid`,`billid`,`prodcode`,`price`,`qty`,`amount`,`subdate`,`sprice`,`samount`,`flag`) VALUES 
 ('2013-03-00013','2013-03-0003','BP1/2',6,1,6,'2013-03-03 10:53:10',8,8,'1'),
 ('2013-03-00014','2013-03-0003','ACR',10,1,10,'2013-03-03 10:53:53',12,12,'0'),
 ('2013-03-00015','2013-03-0003','BP1/2',6,1,6,'2013-03-03 10:53:53',8,8,'0');
/*!40000 ALTER TABLE `sub` ENABLE KEYS */;


--
-- Definition of table `user`
--

DROP TABLE IF EXISTS `user`;
CREATE TABLE `user` (
  `userid` varchar(15) NOT NULL default '',
  `username` varchar(20) NOT NULL,
  `password` varchar(20) NOT NULL,
  `FName` varchar(25) NOT NULL,
  `LName` varchar(25) NOT NULL,
  `Usertype` varchar(25) NOT NULL,
  `Userstatus` varchar(25) NOT NULL,
  `SecurityQuestion` varchar(60) NOT NULL,
  `SecurityAnswer` varchar(25) NOT NULL,
  `Date Register` date NOT NULL,
  PRIMARY KEY  USING BTREE (`userid`)
) ENGINE=InnoDB DEFAULT CHARSET=latin1;

--
-- Dumping data for table `user`
--

/*!40000 ALTER TABLE `user` DISABLE KEYS */;
INSERT INTO `user` (`userid`,`username`,`password`,`FName`,`LName`,`Usertype`,`Userstatus`,`SecurityQuestion`,`SecurityAnswer`,`Date Register`) VALUES 
 ('001-002','deomark','gggggg','Deo','Tayactac','Admin','Active','what is your favorite actress/actor?','father','2012-07-20'),
 ('001-003','pengeAq','wewewe','George','France','Staff','Active','what is your favorite actress/actor?','anne','2011-12-11'),
 ('2013-U-0001','Cheche','family','Grace','Chua','Staff','Active','what is your favorite actress/actor?','Judy','2013-02-24');
/*!40000 ALTER TABLE `user` ENABLE KEYS */;


--
-- Definition of table `vat`
--

DROP TABLE IF EXISTS `vat`;
CREATE TABLE `vat` (
  `id` int(10) unsigned NOT NULL auto_increment,
  `name` varchar(10) NOT NULL,
  `value` double NOT NULL,
  PRIMARY KEY  (`id`)
) ENGINE=InnoDB AUTO_INCREMENT=2 DEFAULT CHARSET=latin1;

--
-- Dumping data for table `vat`
--

/*!40000 ALTER TABLE `vat` DISABLE KEYS */;
INSERT INTO `vat` (`id`,`name`,`value`) VALUES 
 (1,'VAT',12);
/*!40000 ALTER TABLE `vat` ENABLE KEYS */;




/*!40101 SET SQL_MODE=@OLD_SQL_MODE */;
/*!40014 SET FOREIGN_KEY_CHECKS=@OLD_FOREIGN_KEY_CHECKS */;
/*!40014 SET UNIQUE_CHECKS=@OLD_UNIQUE_CHECKS */;
/*!40101 SET CHARACTER_SET_CLIENT=@OLD_CHARACTER_SET_CLIENT */;
/*!40101 SET CHARACTER_SET_RESULTS=@OLD_CHARACTER_SET_RESULTS */;
/*!40101 SET COLLATION_CONNECTION=@OLD_COLLATION_CONNECTION */;
/*!40101 SET CHARACTER_SET_CLIENT=@OLD_CHARACTER_SET_CLIENT */;
